IP 地址,已发送,已接收,丢包率,平均延迟,下载速度(MB/s),地区码
173.245.59.110,4,2,0.50,65.59,0.00,N/A
198.41.211.46,4,2,0.50,122.18,0.00,N/A
104.19.141.18,4,2,0.50,145.87,0.00,N/A
104.17.1.40,4,2,0.50,146.31,0.00,N/A
172.64.235.119,4,2,0.50,149.42,0.00,N/A
104.19.128.213,4,2,0.50,151.34,0.00,N/A
104.16.240.73,4,2,0.50,152.13,0.00,N/A
104.16.244.223,4,2,0.50,155.27,0.00,N/A
172.65.19.219,4,2,0.50,155.46,0.00,N/A
104.19.97.55,4,2,0.50,156.88,0.00,N/A
104.19.247.91,4,2,0.50,163.90,0.00,N/A
104.19.119.46,4,2,0.50,165.65,0.00,N/A
104.18.164.78,4,2,0.50,167.85,0.00,N/A
104.21.202.208,4,2,0.50,168.80,0.00,N/A
104.17.49.27,4,2,0.50,168.91,0.00,N/A
172.67.210.5,4,2,0.50,170.23,0.00,N/A
104.25.62.103,4,2,0.50,171.77,0.00,N/A
172.67.199.71,4,2,0.50,175.34,0.00,N/A
104.18.250.186,4,2,0.50,177.07,0.00,N/A
172.65.29.229,4,2,0.50,179.33,0.00,N/A
172.65.69.125,4,2,0.50,185.53,0.00,N/A
172.67.136.173,4,2,0.50,194.42,0.00,N/A
104.24.12.58,4,2,0.50,196.60,0.00,N/A
172.67.165.1,4,2,0.50,203.82,0.00,N/A
172.65.161.206,4,2,0.50,211.01,0.00,N/A
172.65.150.46,4,2,0.50,214.11,0.00,N/A
104.25.235.82,4,2,0.50,214.67,0.00,N/A
172.65.120.209,4,2,0.50,216.02,0.00,N/A
104.16.119.70,4,2,0.50,221.10,0.00,N/A
104.29.147.167,4,2,0.50,231.93,0.00,N/A
172.65.115.40,4,2,0.50,251.78,0.00,N/A
162.159.39.153,4,1,0.75,23.44,0.00,N/A
162.159.51.151,4,1,0.75,57.54,0.00,N/A
172.64.144.218,4,1,0.75,61.88,0.00,N/A
162.159.42.130,4,1,0.75,62.11,0.00,N/A
172.64.147.52,4,1,0.75,64.71,0.00,N/A
162.159.36.34,4,1,0.75,66.46,0.00,N/A
162.159.4.36,4,1,0.75,68.89,0.00,N/A
172.64.152.183,4,1,0.75,69.29,0.00,N/A
162.159.22.49,4,1,0.75,75.69,0.00,N/A
172.64.158.57,4,1,0.75,78.67,0.00,N/A
172.64.154.71,4,1,0.75,79.47,0.00,N/A
162.159.13.199,4,1,0.75,82.52,0.00,N/A
162.159.6.177,4,1,0.75,82.64,0.00,N/A
104.18.35.128,4,1,0.75,87.00,0.00,N/A
162.159.27.6,4,1,0.75,95.98,0.00,N/A
104.19.54.250,4,1,0.75,128.41,0.00,N/A
104.17.160.67,4,1,0.75,129.96,0.00,N/A
104.17.186.213,4,1,0.75,129.99,0.00,N/A
104.18.107.89,4,1,0.75,130.58,0.00,N/A
104.18.100.84,4,1,0.75,130.75,0.00,N/A
104.17.163.37,4,1,0.75,130.96,0.00,N/A
104.18.65.141,4,1,0.75,131.18,0.00,N/A
104.18.68.63,4,1,0.75,131.80,0.00,N/A
104.17.184.221,4,1,0.75,131.81,0.00,N/A
172.66.2.130,4,1,0.75,132.25,0.00,N/A
104.19.18.184,4,1,0.75,133.43,0.00,N/A
104.17.122.171,4,1,0.75,133.74,0.00,N/A
104.16.214.64,4,1,0.75,133.80,0.00,N/A
104.16.193.100,4,1,0.75,134.03,0.00,N/A
104.18.127.19,4,1,0.75,134.66,0.00,N/A
104.19.118.74,4,1,0.75,135.07,0.00,N/A
173.245.49.125,4,1,0.75,135.33,0.00,N/A
104.17.95.138,4,1,0.75,135.69,0.00,N/A
104.18.161.193,4,1,0.75,136.38,0.00,N/A
104.19.176.161,4,1,0.75,137.09,0.00,N/A
104.16.243.234,4,1,0.75,138.13,0.00,N/A
104.17.182.139,4,1,0.75,138.40,0.00,N/A
162.159.245.130,4,1,0.75,140.29,0.00,N/A
104.17.33.126,4,1,0.75,140.56,0.00,N/A
172.65.206.118,4,1,0.75,140.72,0.00,N/A
104.19.195.147,4,1,0.75,141.05,0.00,N/A
104.17.145.105,4,1,0.75,141.08,0.00,N/A
104.21.237.245,4,1,0.75,141.25,0.00,N/A
104.18.136.21,4,1,0.75,141.30,0.00,N/A
104.17.29.20,4,1,0.75,141.35,0.00,N/A
104.18.122.98,4,1,0.75,141.54,0.00,N/A
172.65.197.137,4,1,0.75,141.59,0.00,N/A
104.18.118.149,4,1,0.75,142.36,0.00,N/A
104.16.199.82,4,1,0.75,142.61,0.00,N/A
104.19.233.229,4,1,0.75,143.05,0.00,N/A
104.17.104.193,4,1,0.75,143.30,0.00,N/A
104.19.253.35,4,1,0.75,143.36,0.00,N/A
104.16.217.87,4,1,0.75,143.49,0.00,N/A
104.19.221.39,4,1,0.75,143.97,0.00,N/A
104.16.110.54,4,1,0.75,144.17,0.00,N/A
104.18.163.77,4,1,0.75,144.60,0.00,N/A
172.65.213.0,4,1,0.75,144.68,0.00,N/A
104.18.112.75,4,1,0.75,144.71,0.00,N/A
104.16.215.155,4,1,0.75,145.11,0.00,N/A
172.67.166.90,4,1,0.75,145.20,0.00,N/A
104.18.120.86,4,1,0.75,145.43,0.00,N/A
104.27.200.241,4,1,0.75,145.59,0.00,N/A
104.19.216.136,4,1,0.75,146.33,0.00,N/A
104.19.50.220,4,1,0.75,146.69,0.00,N/A
104.24.19.190,4,1,0.75,147.20,0.00,N/A
104.31.16.90,4,1,0.75,147.33,0.00,N/A
104.18.252.18,4,1,0.75,147.38,0.00,N/A
104.19.109.231,4,1,0.75,147.39,0.00,N/A
104.17.164.173,4,1,0.75,147.65,0.00,N/A
104.18.49.240,4,1,0.75,147.72,0.00,N/A
198.41.215.240,4,1,0.75,147.99,0.00,N/A
104.17.161.14,4,1,0.75,148.38,0.00,N/A
172.64.84.46,4,1,0.75,148.44,0.00,N/A
162.159.244.48,4,1,0.75,148.46,0.00,N/A
104.16.195.57,4,1,0.75,148.54,0.00,N/A
104.16.228.50,4,1,0.75,148.62,0.00,N/A
104.18.179.226,4,1,0.75,148.64,0.00,N/A
104.18.158.245,4,1,0.75,148.76,0.00,N/A
104.18.147.97,4,1,0.75,148.88,0.00,N/A
104.18.145.159,4,1,0.75,148.88,0.00,N/A
104.19.115.140,4,1,0.75,148.90,0.00,N/A
104.16.206.58,4,1,0.75,148.90,0.00,N/A
104.19.213.1,4,1,0.75,148.93,0.00,N/A
104.19.203.75,4,1,0.75,149.22,0.00,N/A
104.19.236.57,4,1,0.75,149.26,0.00,N/A
104.19.89.1,4,1,0.75,149.33,0.00,N/A
172.67.144.67,4,1,0.75,149.38,0.00,N/A
104.19.180.20,4,1,0.75,149.51,0.00,N/A
104.16.189.43,4,1,0.75,149.55,0.00,N/A
104.19.124.237,4,1,0.75,149.68,0.00,N/A
104.19.132.17,4,1,0.75,149.73,0.00,N/A
104.21.95.59,4,1,0.75,149.91,0.00,N/A
104.16.220.63,4,1,0.75,150.14,0.00,N/A
172.65.240.10,4,1,0.75,150.21,0.00,N/A
104.16.158.69,4,1,0.75,150.25,0.00,N/A
104.19.35.211,4,1,0.75,150.25,0.00,N/A
104.18.195.96,4,1,0.75,150.54,0.00,N/A
104.16.209.5,4,1,0.75,150.69,0.00,N/A
104.16.178.106,4,1,0.75,150.75,0.00,N/A
172.65.36.223,4,1,0.75,151.10,0.00,N/A
104.18.174.20,4,1,0.75,151.36,0.00,N/A
172.67.239.205,4,1,0.75,151.61,0.00,N/A
104.17.201.166,4,1,0.75,151.88,0.00,N/A
104.21.231.249,4,1,0.75,152.10,0.00,N/A
104.18.143.167,4,1,0.75,152.13,0.00,N/A
104.25.234.77,4,1,0.75,152.42,0.00,N/A
104.24.187.93,4,1,0.75,152.48,0.00,N/A
104.19.80.123,4,1,0.75,152.76,0.00,N/A
104.16.59.229,4,1,0.75,152.84,0.00,N/A
104.16.208.25,4,1,0.75,152.85,0.00,N/A
190.93.244.70,4,1,0.75,152.93,0.00,N/A
104.18.115.47,4,1,0.75,152.94,0.00,N/A
104.17.52.228,4,1,0.75,153.00,0.00,N/A
172.65.9.106,4,1,0.75,153.04,0.00,N/A
172.67.236.159,4,1,0.75,153.05,0.00,N/A
172.65.24.79,4,1,0.75,153.18,0.00,N/A
104.18.134.81,4,1,0.75,153.46,0.00,N/A
104.20.3.242,4,1,0.75,153.60,0.00,N/A
172.65.104.3,4,1,0.75,153.64,0.00,N/A
104.18.230.202,4,1,0.75,153.65,0.00,N/A
104.21.12.87,4,1,0.75,153.98,0.00,N/A
172.67.249.221,4,1,0.75,153.98,0.00,N/A
104.16.96.192,4,1,0.75,154.32,0.00,N/A
104.21.72.127,4,1,0.75,154.33,0.00,N/A
104.16.10.243,4,1,0.75,154.55,0.00,N/A
104.24.193.188,4,1,0.75,154.83,0.00,N/A
104.25.222.216,4,1,0.75,154.89,0.00,N/A
104.19.202.229,4,1,0.75,155.05,0.00,N/A
104.24.85.116,4,1,0.75,155.08,0.00,N/A
104.19.177.47,4,1,0.75,155.10,0.00,N/A
172.64.101.184,4,1,0.75,155.34,0.00,N/A
172.67.232.58,4,1,0.75,155.61,0.00,N/A
104.17.0.73,4,1,0.75,155.67,0.00,N/A
172.67.245.54,4,1,0.75,155.83,0.00,N/A
104.21.73.226,4,1,0.75,155.87,0.00,N/A
172.67.101.151,4,1,0.75,156.35,0.00,N/A
172.67.106.156,4,1,0.75,156.53,0.00,N/A
172.67.247.233,4,1,0.75,156.89,0.00,N/A
104.17.197.238,4,1,0.75,157.38,0.00,N/A
104.17.226.13,4,1,0.75,157.72,0.00,N/A
172.65.230.184,4,1,0.75,157.91,0.00,N/A
104.27.201.223,4,1,0.75,158.25,0.00,N/A
172.67.105.165,4,1,0.75,159.27,0.00,N/A
104.24.139.166,4,1,0.75,159.33,0.00,N/A
104.18.67.34,4,1,0.75,159.55,0.00,N/A
104.16.69.243,4,1,0.75,159.64,0.00,N/A
104.25.219.219,4,1,0.75,159.82,0.00,N/A
104.16.227.106,4,1,0.75,159.89,0.00,N/A
104.17.132.188,4,1,0.75,160.12,0.00,N/A
104.21.107.206,4,1,0.75,160.13,0.00,N/A
104.18.193.106,4,1,0.75,160.32,0.00,N/A
104.20.59.173,4,1,0.75,160.70,0.00,N/A
104.18.84.231,4,1,0.75,161.30,0.00,N/A
172.64.92.130,4,1,0.75,161.38,0.00,N/A
104.17.151.190,4,1,0.75,161.87,0.00,N/A
104.19.241.191,4,1,0.75,162.01,0.00,N/A
104.18.16.200,4,1,0.75,162.49,0.00,N/A
172.64.89.139,4,1,0.75,162.50,0.00,N/A
172.67.191.248,4,1,0.75,162.53,0.00,N/A
104.17.248.62,4,1,0.75,162.60,0.00,N/A
104.18.177.157,4,1,0.75,162.80,0.00,N/A
104.17.26.44,4,1,0.75,163.03,0.00,N/A
104.18.183.65,4,1,0.75,163.66,0.00,N/A
104.21.98.69,4,1,0.75,164.08,0.00,N/A
104.19.95.151,4,1,0.75,164.28,0.00,N/A
172.65.225.154,4,1,0.75,164.77,0.00,N/A
104.19.96.150,4,1,0.75,164.84,0.00,N/A
104.17.84.217,4,1,0.75,165.01,0.00,N/A
104.18.87.213,4,1,0.75,165.04,0.00,N/A
104.17.36.247,4,1,0.75,165.17,0.00,N/A
104.16.131.160,4,1,0.75,166.00,0.00,N/A
104.27.106.119,4,1,0.75,166.09,0.00,N/A
104.17.130.228,4,1,0.75,166.26,0.00,N/A
104.18.231.164,4,1,0.75,166.38,0.00,N/A
104.19.19.140,4,1,0.75,166.58,0.00,N/A
104.16.197.157,4,1,0.75,166.64,0.00,N/A
104.18.97.122,4,1,0.75,166.67,0.00,N/A
104.17.30.228,4,1,0.75,166.91,0.00,N/A
104.19.61.179,4,1,0.75,167.18,0.00,N/A
104.16.210.17,4,1,0.75,167.21,0.00,N/A
104.16.224.12,4,1,0.75,167.35,0.00,N/A
104.25.55.92,4,1,0.75,167.54,0.00,N/A
104.21.68.1,4,1,0.75,167.59,0.00,N/A
104.21.60.118,4,1,0.75,168.19,0.00,N/A
172.65.7.171,4,1,0.75,168.20,0.00,N/A
104.16.161.118,4,1,0.75,168.39,0.00,N/A
104.17.170.189,4,1,0.75,168.50,0.00,N/A
104.18.180.178,4,1,0.75,168.68,0.00,N/A
104.21.41.226,4,1,0.75,168.85,0.00,N/A
104.17.173.100,4,1,0.75,168.99,0.00,N/A
141.101.120.135,4,1,0.75,169.46,0.00,N/A
104.18.121.82,4,1,0.75,169.62,0.00,N/A
104.21.198.183,4,1,0.75,170.18,0.00,N/A
104.16.223.197,4,1,0.75,170.21,0.00,N/A
104.27.94.236,4,1,0.75,170.38,0.00,N/A
188.114.96.233,4,1,0.75,170.67,0.00,N/A
172.67.202.52,4,1,0.75,170.97,0.00,N/A
104.25.38.116,4,1,0.75,171.41,0.00,N/A
172.65.199.252,4,1,0.75,171.84,0.00,N/A
104.17.180.87,4,1,0.75,172.92,0.00,N/A
104.17.158.39,4,1,0.75,173.31,0.00,N/A
104.21.52.125,4,1,0.75,173.34,0.00,N/A
104.17.38.61,4,1,0.75,173.40,0.00,N/A
104.16.48.67,4,1,0.75,173.67,0.00,N/A
104.19.86.148,4,1,0.75,173.68,0.00,N/A
104.17.221.41,4,1,0.75,173.83,0.00,N/A
104.21.44.17,4,1,0.75,174.49,0.00,N/A
104.19.197.92,4,1,0.75,174.77,0.00,N/A
104.18.244.159,4,1,0.75,174.78,0.00,N/A
162.159.254.20,4,1,0.75,174.82,0.00,N/A
104.19.144.46,4,1,0.75,175.05,0.00,N/A
104.19.142.25,4,1,0.75,175.15,0.00,N/A
104.19.139.82,4,1,0.75,175.15,0.00,N/A
162.159.212.128,4,1,0.75,175.64,0.00,N/A
104.16.58.11,4,1,0.75,175.75,0.00,N/A
172.67.162.134,4,1,0.75,176.31,0.00,N/A
104.17.67.101,4,1,0.75,176.76,0.00,N/A
104.18.119.219,4,1,0.75,177.84,0.00,N/A
104.19.122.245,4,1,0.75,178.41,0.00,N/A
172.67.120.182,4,1,0.75,178.42,0.00,N/A
104.17.247.67,4,1,0.75,178.69,0.00,N/A
198.41.194.231,4,1,0.75,179.19,0.00,N/A
104.21.206.193,4,1,0.75,179.39,0.00,N/A
104.19.33.201,4,1,0.75,179.94,0.00,N/A
104.25.220.182,4,1,0.75,180.06,0.00,N/A
104.18.55.40,4,1,0.75,180.35,0.00,N/A
172.67.103.135,4,1,0.75,180.43,0.00,N/A
162.159.45.89,4,1,0.75,180.54,0.00,N/A
104.16.47.97,4,1,0.75,180.80,0.00,N/A
104.16.60.159,4,1,0.75,180.99,0.00,N/A
104.17.82.220,4,1,0.75,181.34,0.00,N/A
104.27.193.199,4,1,0.75,181.78,0.00,N/A
104.17.23.90,4,1,0.75,181.85,0.00,N/A
104.20.16.33,4,1,0.75,183.08,0.00,N/A
104.17.79.106,4,1,0.75,183.17,0.00,N/A
104.18.6.148,4,1,0.75,183.85,0.00,N/A
104.18.51.13,4,1,0.75,183.86,0.00,N/A
104.19.211.138,4,1,0.75,184.27,0.00,N/A
172.66.194.195,4,1,0.75,184.27,0.00,N/A
104.24.89.211,4,1,0.75,184.34,0.00,N/A
104.20.27.94,4,1,0.75,184.48,0.00,N/A
172.65.141.4,4,1,0.75,184.55,0.00,N/A
172.66.204.213,4,1,0.75,184.58,0.00,N/A
104.21.33.174,4,1,0.75,184.64,0.00,N/A
104.25.26.95,4,1,0.75,184.90,0.00,N/A
172.67.234.36,4,1,0.75,184.94,0.00,N/A
172.67.154.188,4,1,0.75,185.20,0.00,N/A
172.65.108.24,4,1,0.75,185.22,0.00,N/A
172.65.56.168,4,1,0.75,185.84,0.00,N/A
172.65.117.204,4,1,0.75,186.11,0.00,N/A
172.67.229.182,4,1,0.75,186.54,0.00,N/A
104.26.3.57,4,1,0.75,186.54,0.00,N/A
104.21.89.145,4,1,0.75,186.82,0.00,N/A
104.18.18.46,4,1,0.75,187.08,0.00,N/A
141.101.115.179,4,1,0.75,187.22,0.00,N/A
104.25.210.226,4,1,0.75,187.32,0.00,N/A
198.41.219.1,4,1,0.75,187.34,0.00,N/A
172.67.187.223,4,1,0.75,187.59,0.00,N/A
104.25.44.213,4,1,0.75,187.84,0.00,N/A
104.18.207.242,4,1,0.75,188.21,0.00,N/A
104.16.34.119,4,1,0.75,188.21,0.00,N/A
104.27.56.33,4,1,0.75,188.39,0.00,N/A
104.25.90.24,4,1,0.75,188.77,0.00,N/A
104.26.10.19,4,1,0.75,188.80,0.00,N/A
104.24.205.180,4,1,0.75,188.83,0.00,N/A
172.64.176.72,4,1,0.75,188.87,0.00,N/A
104.25.86.154,4,1,0.75,188.89,0.00,N/A
104.25.230.96,4,1,0.75,189.03,0.00,N/A
104.21.123.154,4,1,0.75,189.04,0.00,N/A
104.25.146.106,4,1,0.75,189.10,0.00,N/A
172.67.126.193,4,1,0.75,189.11,0.00,N/A
172.67.194.213,4,1,0.75,189.28,0.00,N/A
104.16.61.19,4,1,0.75,189.43,0.00,N/A
172.66.132.37,4,1,0.75,189.60,0.00,N/A
172.66.217.110,4,1,0.75,189.72,0.00,N/A
104.29.141.184,4,1,0.75,189.79,0.00,N/A
172.65.23.7,4,1,0.75,190.09,0.00,N/A
104.21.90.127,4,1,0.75,190.14,0.00,N/A
172.67.72.109,4,1,0.75,190.26,0.00,N/A
104.25.212.36,4,1,0.75,190.40,0.00,N/A
172.67.193.142,4,1,0.75,190.47,0.00,N/A
104.21.74.93,4,1,0.75,190.65,0.00,N/A
198.41.218.249,4,1,0.75,190.67,0.00,N/A
104.27.51.50,4,1,0.75,190.90,0.00,N/A
104.27.88.52,4,1,0.75,190.95,0.00,N/A
104.27.204.95,4,1,0.75,191.23,0.00,N/A
172.65.16.152,4,1,0.75,191.48,0.00,N/A
162.159.201.226,4,1,0.75,191.55,0.00,N/A
172.67.237.187,4,1,0.75,191.60,0.00,N/A
172.65.85.212,4,1,0.75,191.74,0.00,N/A
172.67.173.77,4,1,0.75,191.85,0.00,N/A
172.66.151.23,4,1,0.75,191.96,0.00,N/A
172.65.175.210,4,1,0.75,192.23,0.00,N/A
172.65.170.14,4,1,0.75,192.31,0.00,N/A
104.25.7.30,4,1,0.75,192.62,0.00,N/A
104.20.29.192,4,1,0.75,192.66,0.00,N/A
104.24.48.24,4,1,0.75,192.71,0.00,N/A
104.24.15.181,4,1,0.75,192.76,0.00,N/A
104.21.4.110,4,1,0.75,192.80,0.00,N/A
104.25.237.158,4,1,0.75,192.91,0.00,N/A
104.17.51.189,4,1,0.75,192.94,0.00,N/A
172.67.175.136,4,1,0.75,193.37,0.00,N/A
198.41.193.251,4,1,0.75,193.47,0.00,N/A
172.67.86.221,4,1,0.75,193.62,0.00,N/A
172.65.135.11,4,1,0.75,193.71,0.00,N/A
172.67.66.34,4,1,0.75,193.76,0.00,N/A
104.24.10.98,4,1,0.75,193.77,0.00,N/A
172.67.182.198,4,1,0.75,193.81,0.00,N/A
104.24.16.185,4,1,0.75,193.90,0.00,N/A
104.20.48.181,4,1,0.75,193.95,0.00,N/A
104.17.25.189,4,1,0.75,193.99,0.00,N/A
104.21.80.94,4,1,0.75,194.29,0.00,N/A
104.25.124.16,4,1,0.75,194.30,0.00,N/A
104.25.132.213,4,1,0.75,194.30,0.00,N/A
172.67.127.202,4,1,0.75,194.43,0.00,N/A
104.21.78.86,4,1,0.75,194.81,0.00,N/A
104.27.17.179,4,1,0.75,194.82,0.00,N/A
104.24.241.134,4,1,0.75,194.94,0.00,N/A
104.18.117.133,4,1,0.75,195.37,0.00,N/A
172.67.78.71,4,1,0.75,195.48,0.00,N/A
172.67.130.70,4,1,0.75,195.60,0.00,N/A
104.25.229.76,4,1,0.75,195.64,0.00,N/A
172.65.133.117,4,1,0.75,195.67,0.00,N/A
104.25.197.190,4,1,0.75,195.73,0.00,N/A
104.21.211.102,4,1,0.75,195.83,0.00,N/A
104.21.104.65,4,1,0.75,196.07,0.00,N/A
104.26.8.198,4,1,0.75,196.16,0.00,N/A
104.25.185.145,4,1,0.75,196.26,0.00,N/A
172.67.170.127,4,1,0.75,196.31,0.00,N/A
104.18.173.208,4,1,0.75,196.37,0.00,N/A
104.21.200.32,4,1,0.75,196.40,0.00,N/A
104.24.183.215,4,1,0.75,197.08,0.00,N/A
172.65.147.222,4,1,0.75,197.66,0.00,N/A
104.19.136.65,4,1,0.75,197.77,0.00,N/A
104.24.43.81,4,1,0.75,197.83,0.00,N/A
104.18.116.186,4,1,0.75,198.63,0.00,N/A
104.16.8.63,4,1,0.75,198.88,0.00,N/A
104.16.123.199,4,1,0.75,198.95,0.00,N/A
172.65.26.226,4,1,0.75,199.53,0.00,N/A
172.65.62.34,4,1,0.75,199.64,0.00,N/A
104.16.19.182,4,1,0.75,199.79,0.00,N/A
104.16.1.235,4,1,0.75,199.79,0.00,N/A
104.21.34.242,4,1,0.75,200.93,0.00,N/A
104.25.150.233,4,1,0.75,201.10,0.00,N/A
104.25.123.212,4,1,0.75,201.35,0.00,N/A
172.67.122.110,4,1,0.75,201.36,0.00,N/A
104.27.192.94,4,1,0.75,201.42,0.00,N/A
104.27.199.249,4,1,0.75,201.42,0.00,N/A
104.16.56.239,4,1,0.75,201.57,0.00,N/A
198.41.195.219,4,1,0.75,201.64,0.00,N/A
172.66.171.144,4,1,0.75,201.77,0.00,N/A
104.27.15.252,4,1,0.75,202.42,0.00,N/A
104.25.225.158,4,1,0.75,203.01,0.00,N/A
172.66.158.90,4,1,0.75,203.57,0.00,N/A
104.17.77.215,4,1,0.75,203.66,0.00,N/A
104.17.68.212,4,1,0.75,205.39,0.00,N/A
104.16.29.190,4,1,0.75,205.48,0.00,N/A
104.25.187.33,4,1,0.75,205.53,0.00,N/A
104.19.51.163,4,1,0.75,205.74,0.00,N/A
104.17.229.190,4,1,0.75,206.28,0.00,N/A
198.41.201.248,4,1,0.75,206.34,0.00,N/A
104.19.47.248,4,1,0.75,206.61,0.00,N/A
104.27.13.241,4,1,0.75,207.74,0.00,N/A
104.19.45.194,4,1,0.75,207.77,0.00,N/A
172.65.107.178,4,1,0.75,209.41,0.00,N/A
172.67.113.43,4,1,0.75,209.50,0.00,N/A
104.21.75.137,4,1,0.75,209.51,0.00,N/A
104.25.177.35,4,1,0.75,209.60,0.00,N/A
104.20.21.135,4,1,0.75,209.84,0.00,N/A
172.67.250.180,4,1,0.75,210.43,0.00,N/A
104.24.130.86,4,1,0.75,211.54,0.00,N/A
104.16.121.162,4,1,0.75,211.69,0.00,N/A
104.19.163.12,4,1,0.75,211.75,0.00,N/A
104.25.17.126,4,1,0.75,213.06,0.00,N/A
104.16.16.39,4,1,0.75,214.14,0.00,N/A
104.24.11.194,4,1,0.75,216.07,0.00,N/A
104.25.118.179,4,1,0.75,216.66,0.00,N/A
104.25.96.113,4,1,0.75,216.75,0.00,N/A
104.19.147.244,4,1,0.75,216.81,0.00,N/A
104.24.221.238,4,1,0.75,217.30,0.00,N/A
104.27.68.250,4,1,0.75,218.25,0.00,N/A
104.27.36.121,4,1,0.75,218.44,0.00,N/A
104.18.181.154,4,1,0.75,218.97,0.00,N/A
172.67.138.83,4,1,0.75,219.03,0.00,N/A
104.20.56.113,4,1,0.75,219.04,0.00,N/A
104.27.84.143,4,1,0.75,219.10,0.00,N/A
172.67.80.165,4,1,0.75,219.26,0.00,N/A
172.67.142.224,4,1,0.75,219.28,0.00,N/A
172.65.11.56,4,1,0.75,219.57,0.00,N/A
108.162.193.253,4,1,0.75,220.60,0.00,N/A
104.24.203.158,4,1,0.75,220.70,0.00,N/A
104.16.78.186,4,1,0.75,220.95,0.00,N/A
172.65.47.197,4,1,0.75,220.95,0.00,N/A
172.66.192.37,4,1,0.75,221.06,0.00,N/A
104.20.31.101,4,1,0.75,221.16,0.00,N/A
104.25.183.235,4,1,0.75,221.46,0.00,N/A
104.20.4.101,4,1,0.75,221.47,0.00,N/A
104.25.54.146,4,1,0.75,221.68,0.00,N/A
172.65.144.106,4,1,0.75,222.07,0.00,N/A
172.67.195.81,4,1,0.75,222.09,0.00,N/A
172.66.200.116,4,1,0.75,222.14,0.00,N/A
104.16.63.74,4,1,0.75,222.18,0.00,N/A
172.67.109.27,4,1,0.75,222.43,0.00,N/A
104.24.138.230,4,1,0.75,223.15,0.00,N/A
172.66.163.171,4,1,0.75,223.68,0.00,N/A
104.24.171.150,4,1,0.75,223.87,0.00,N/A
104.25.209.219,4,1,0.75,224.07,0.00,N/A
104.21.53.177,4,1,0.75,224.11,0.00,N/A
104.19.172.234,4,1,0.75,224.20,0.00,N/A
104.24.6.224,4,1,0.75,224.37,0.00,N/A
104.19.173.148,4,1,0.75,224.77,0.00,N/A
172.65.33.129,4,1,0.75,224.83,0.00,N/A
104.25.24.228,4,1,0.75,225.06,0.00,N/A
104.24.8.241,4,1,0.75,225.52,0.00,N/A
172.67.146.164,4,1,0.75,226.01,0.00,N/A
104.25.130.37,4,1,0.75,226.26,0.00,N/A
104.20.10.232,4,1,0.75,226.85,0.00,N/A
104.25.48.13,4,1,0.75,226.93,0.00,N/A
104.27.48.28,4,1,0.75,226.94,0.00,N/A
104.19.183.92,4,1,0.75,227.08,0.00,N/A
172.65.176.185,4,1,0.75,227.21,0.00,N/A
104.20.28.225,4,1,0.75,227.33,0.00,N/A
104.27.46.210,4,1,0.75,227.38,0.00,N/A
104.25.76.56,4,1,0.75,227.39,0.00,N/A
172.65.80.45,4,1,0.75,227.69,0.00,N/A
172.67.96.173,4,1,0.75,227.88,0.00,N/A
172.67.118.100,4,1,0.75,228.16,0.00,N/A
172.66.216.62,4,1,0.75,228.31,0.00,N/A
104.24.32.197,4,1,0.75,228.82,0.00,N/A
104.16.162.162,4,1,0.75,229.01,0.00,N/A
104.16.91.210,4,1,0.75,229.04,0.00,N/A
104.25.29.232,4,1,0.75,229.07,0.00,N/A
172.67.98.194,4,1,0.75,229.17,0.00,N/A
104.16.149.59,4,1,0.75,229.48,0.00,N/A
104.24.20.173,4,1,0.75,230.03,0.00,N/A
104.27.22.82,4,1,0.75,230.39,0.00,N/A
104.26.5.121,4,1,0.75,230.57,0.00,N/A
172.65.68.29,4,1,0.75,230.76,0.00,N/A
104.25.120.242,4,1,0.75,231.07,0.00,N/A
104.24.77.146,4,1,0.75,231.15,0.00,N/A
104.21.124.76,4,1,0.75,231.41,0.00,N/A
104.16.94.220,4,1,0.75,231.46,0.00,N/A
172.65.169.156,4,1,0.75,231.64,0.00,N/A
172.65.186.215,4,1,0.75,232.50,0.00,N/A
172.65.114.11,4,1,0.75,232.86,0.00,N/A
104.21.11.13,4,1,0.75,233.09,0.00,N/A
172.67.91.105,4,1,0.75,233.16,0.00,N/A
104.20.40.80,4,1,0.75,233.25,0.00,N/A
104.25.18.248,4,1,0.75,233.37,0.00,N/A
104.18.157.220,4,1,0.75,233.37,0.00,N/A
104.24.25.6,4,1,0.75,233.67,0.00,N/A
104.25.21.19,4,1,0.75,235.40,0.00,N/A
104.20.58.142,4,1,0.75,236.80,0.00,N/A
172.65.121.168,4,1,0.75,238.66,0.00,N/A
104.26.7.219,4,1,0.75,238.76,0.00,N/A
104.24.60.145,4,1,0.75,239.08,0.00,N/A
172.65.67.51,4,1,0.75,243.09,0.00,N/A
104.16.140.194,4,1,0.75,244.08,0.00,N/A
104.16.32.86,4,1,0.75,244.29,0.00,N/A
162.159.137.146,4,1,0.75,244.95,0.00,N/A
172.65.96.194,4,1,0.75,246.91,0.00,N/A
172.67.112.172,4,1,0.75,246.97,0.00,N/A
104.20.19.168,4,1,0.75,248.27,0.00,N/A
162.159.153.152,4,1,0.75,254.86,0.00,N/A
104.24.201.124,4,1,0.75,258.56,0.00,N/A
104.25.172.193,4,1,0.75,265.57,0.00,N/A
172.65.136.143,4,1,0.75,268.98,0.00,N/A
104.24.156.233,4,1,0.75,271.91,0.00,N/A
104.16.49.226,4,1,0.75,283.49,0.00,N/A
162.159.135.128,4,1,0.75,293.28,0.00,N/A
104.21.117.33,4,1,0.75,293.45,0.00,N/A
104.16.66.26,4,1,0.75,298.34,0.00,N/A
162.159.243.184,4,1,0.75,314.76,0.00,N/A
104.20.12.174,4,1,0.75,316.16,0.00,N/A
104.21.21.244,4,1,0.75,328.50,0.00,N/A
104.21.19.85,4,1,0.75,328.50,0.00,N/A
104.21.20.142,4,1,0.75,331.06,0.00,N/A
162.159.207.77,4,1,0.75,346.23,0.00,N/A
104.16.107.252,4,1,0.75,379.81,0.00,N/A
104.16.154.61,4,1,0.75,411.95,0.00,N/A
